,ランキング,商品名
0,1,ティッシュケース おしゃれ ペーパーポット トイレットペーパー 自社製品 ティッシュケース　北欧 ティッシュホルダーおしゃれ ティッシュカバー かわいい ボックスティッシュ waabbit　Aicollection　アイコレクション　韓国 インテリア ラッピング無料
1,2,【4段階高さ調整】低反発枕 枕 プレミアム GOKUMIN いびき防止 ストレートネック 肩こり 快眠 誕生日 (ホワイト/ブラック）
2,3,マットレス 高反発 シングル 三つ折り 高反発マットレス 極厚10cm 3つ折り 送料無料 マットレス ベッドマットレス シングルマットレス 高反発ウレタン 折りたたみマットレス ウレタンマットレス 洗えるカバー
3,4,【送料無料】品質が違う「純」高反発マットレス 3つ折り 厚さ10cm 爽快メッシュorパイル生地 シングル 高反発マットレス 三つ折り 超低ホル エコテックス認証 高反発マット マット 布団 敷き布団 敷布団 190N マットレス 高反発
4,5,【公式】新・王様の夢枕（枕カバー付き） 100万人が安眠、あの王様の夢枕がさらに眠りやすく進化し15年ぶりのリニューアル 【枕 まくら 王様 夢枕 ビーズ 快眠 安眠枕 ギフト】【N】【名入れ対応可（+550円）】【あす楽対応】【1】
5,6,あす楽＼累計出荷実績150万枚！ランキング1位 30日限定ポイント10倍還元！／ 横幅900×高さ600mm 日本製 透明パーテーション アクリル板 デスクパーテーション 間仕切り 飲食店 介護施設 オフィス 【受注生産、返品交換不可】fak-9060
6,7,【ひらけ、ゴミ箱】ジータ ゴミ箱 ダストボックス おしゃれ ふた付き 45リットル 自動 ZitA 自動ゴミ箱 センサー キッチン 45L 自動開閉 大容量 保証あり
7,8,Yogibo Max (ヨギボー マックス) 特大Lサイズ ビーズクッション 2人掛けソファー ビーズソファ/人をダメにする/クッション/ローソファ/おうちじかん 座椅子【Yogibo公式ストア】
8,9,KEYUCA ケユカ【送料無料】arrots ダストボックスII ゴミ箱 L 27L ホワイト 2個セット | 観音開き 静音 省スペース おしゃれ キッチン シンプル スリム デザイン ペダル モダン ふた付き 高機能 ごみ箱 フタ付き 左右両開き 蓋 ペダル式 キャスター
9,10,【楽天1位】シルク 枕カバー【両面 シルク100％ ファスナー付き】シルク100％ 枕カバー シルク シルク枕カバー 洗える 枕カバー 43×63cm 枕カバー おしゃれ 可愛い 冷感 絹 枕 ピローケース シルク 43×63 涼しい 保湿 美容 19匁 ピロケース
10,11,【送料無料】★2020年 楽天で1番売れたオフィスチェア★腰楽ランバーサポート付 オフィスチェア メッシュ ハイバック パソコンチェア *G-AIR* ワークチェア PCチェア オフィスチェアー オフィス チェア 椅子 メッシュチェア ハイバックチェア おしゃれ
11,12,チェア オフィスチェア パソコンチェア デスクチェア フロアチェア ビジネスチェア 椅子 イス メッシュバックチェア チェア メッシュチェア いす メッシュ 事務椅子 会社用 ゲーミングチェア ゲーム用 テレワーク 在宅勤務 在宅ワーク【D】
12,13,「向きで高さ調整可」枕 まくら マクラ 肩こり 低反発枕 枕カバー付き 安眠枕 快眠枕 健康まくら ストレートネック 頚椎 まくら 整体枕 健康枕 低反発 横向き 頚椎安定 いびき 首こり 呼吸が楽 熟睡 カバー洗える ピロー pillow プレゼント 贈り物 MyeFoam 新世代 低反発枕
13,14,【TBS 王様のブランチ 買い物の達人 で 紹介されました！】理想的な15度枕 身体にかかる負担を最小限まで軽減する大判まくら 【枕 まくら ピロー 低反発 上半身 頸椎 高さ調整 大きい 菜々緒 ななお 1月30日 放映 テレビ TV】【N】
14,15,★2/3まで時間限定価格★ 中綿増量1.6kg 布団7点セット シングル 固わた入り 敷き布団 布団セット 抗菌 防臭 防カビ 固綿三層敷布団 掛け布団カバー 敷き布団カバー 寝具 収納袋付き 掛け敷き 布団セット 安心 清潔 A034
15,16,シーリングライト 6畳 LED リモコン付 調光 PZCE-206D アイリスオーヤマ シーリング ライト 長寿命 照明 明るい 天井照明 らいと 電気 節電 ライト 灯り 明り おやすみタイマー
16,17,イームズチェア ダイニングチェア パッチワーク おしゃれ シンプル 北欧 椅子 いす イス テレワーク 在宅勤務 おしゃれなイス イームズ チェアー デザイン チェア ファブリック デザイナーズ カバー ウレタン 楽 リビング 【送料無料】:
17,18,足踏み式消毒液スタンド 足踏み式消毒スタンド 足踏式消毒液スタンド アルコール 除菌 スタンド コロナ 対策 ポンプ 噴射器 ハイタイプ 日本製 Joyfactory 代引不可
18,19,ランキング1位常連 送料無料 パソコンデスク 一体分割両用 机 デスク 書斎デスク 学習机 PCデスク 収納付き 木製 勉強机 ハイタイプ 収納付き 学習デスク オフィスデスク ラック付き パソコンデスク
19,20,布団セット 布団 シングル セミダブル ダブル カバー付き 掛け布団 布団カバー 敷き布団 枕 シーツ 敷布団カバー 収納袋 セット 抗菌 防臭 防カビ 洗える 来客用 ベッド 清潔 ベッドタイプ&和タイプ シングル 7点セット
20,21,【到着2月4日(木)可】壁紙 6m 壁紙シール レンガ のり付き クロス シール壁紙 はがせる 木目 補修 ウッド 張替え おしゃれ 防水 白 保護 板壁 木目調 リメイクシート 無地 diy 粘着シート 北欧 グレー 家具 寝室 部屋 リビング キッチン トイレ 洗面所 浴室 収納
21,22,【限定クーポン配布中】 枕 肩 首 整体 おすすめ　rakuna ラクナ ひんやり　冷感　枕 まくら　整体枕 ほぐし　解消 負担 軽減 軽く 頚椎 ストレートネック 快眠枕 安眠 整体師 監修 横向き 整体師枕 サポート 快眠 おすすめ　人気 プレゼント 送料無料
22,23,【新生活応援フェア！洗える格安2850円】ラグ 洗える 200×250CM ラグマット 3畳 滑り止め付 西海岸 絨毯 マット ラグカーペット 北欧 カーペット おしゃれ ラグ 春 夏 用 ホットカーペット対応
23,24,★2/3まで時間限定価格★ 洗える ラグ オールシーズン 200×250 北欧 ラグマット 滑り止め付 マット ラグカーペット 夏 冬 カーペット ホットカーペット対応 フランネル ウォッシャブル 絨毯 リビング 床暖房対応 A703
24,25,【送料無料】東リ　洗えるタイルカーペット　アタック350リップルパレット
25,26,座椅子 【 42段ギア搭載 ★ 1億円 座椅子 】 低反発 座いす リクライニング ハイバック チェア チェアー 1人掛け 一人用 ソファー ソファ 座イス コンパクト 一人暮らし かわいい おしゃれ テレワーク 福袋
26,27,Yogibo Mini (ヨギボー ミニ) 大きいサイズ ビーズクッション ビーズを補充して長持ち/クッション 特大 ビーズソファ 角型 ローソファ 一人掛け リモートワーク チェア
27,28,1級遮光カーテン 【13カラー×8サイズ】 2枚組 遮光 1級 ウォッシャブル 遮熱 カーテン 遮熱カーテン 北欧 防音 洗える 一級遮光 韓国 ドレープカーテン 【送料無料】
28,29,あす楽　＼緊急値下げ／ [日本製] 透明パーテーション W1200×H600mm アクリル板 特大足付き 衝突防止 仕切り板 ウイルス対策 衝立 飲食店 オフィス 学校 病院 薬局 角丸加工 fak-12060
29,30,【全国 送料無料】 タイルカーペット サンゲツ 50×50 NT-350 【10枚以上1枚単位】 NT350 激安 50cm 全57色 ベーシック ライン 耐候性 耐薬品性 床材 パネルカーペット ペット 防音 安い おすすめ 正規品
